Area Category,Nama Daerah,Luas Tanah (m2),Luas Bangunan (m2),Jumlah Kamar,Jumlah Kamar Mandi,Tingkat/Lantai ,Harga Penawaran (dari Owner),Terjual/Belum,Arah Hadap Rumah,Posisi Rumah,Lebar Jalan Depan Rumah (ROW)
,,,,,,,,,,,
Below Standard,Setro Baru Utara,30.0,60.0,2.0,1.0,2.0,287799000.0,Belum,,Standard,< 1 Mobil
Standard,Kenjeran,170.0,170.0,5.0,4.0,2.0,2699999999.0,Belum,Selatan,Cul De Sac/Ujung Gang Buntu,1-2 Mobil
Sangat Premium,Kenjeran,187.0,250.0,5.0,5.0,2.0,3100000000.0,Belum,Utara,Standard,1-2 Mobil
Premium,Kenjeran,350.0,600.0,5.0,5.0,2.0,5000000000.0,Belum,Barat,Standard,1-2 Mobil
Premium,Kenjeran,450.0,530.0,5.0,6.0,2.0,10800000000.0,Belum,,Standard,1-2 Mobil
Below Standard,Gubeng,96.0,60.0,2.0,1.0,1.0,390000000.0,Belum,,Standard,1-2 Mobil
Premium,Gubeng,85.0,100.0,3.0,2.0,2.0,725000000.0,Belum,,Standard,1-2 Mobil
Below Standard,Sawahan,72.0,120.0,4.0,1.0,1.0,775000000.0,Belum,Barat,Tikungan/Hook,< 1 Mobil
Standard,Gubeng,50.0,100.0,2.0,2.0,2.0,850000000.0,Belum,,Standard,1-2 Mobil
Standard,Mulyorejo,72.0,72.0,3.0,2.0,1.0,1100000000.0,Belum,Selatan,Standard,> 2 Mobil
Below Standard,Gubeng,100.0,90.0,2.0,2.0,1.0,1199999999.0,Belum,,Standard,1-2 Mobil
Premium,Tegalsari,90.0,76.0,2.0,2.0,2.0,1266655525.0,Belum,,Standard,1-2 Mobil
Standard,Gubeng,104.0,215.0,4.0,4.0,2.0,1350000000.0,Belum,Timur,Standard,1-2 Mobil
Standard,Gubeng,104.0,215.0,4.0,4.0,2.0,1350000000.0,Belum,Timur,Standard,1-2 Mobil
Standard,Gubeng,84.0,120.0,4.0,2.0,2.0,1350000000.0,Belum,Selatan,Standard,> 2 Mobil
Standard,Mulyorejo,158.0,230.0,2.0,2.0,2.0,1650000000.0,Belum,Selatan,Standard,1-2 Mobil
Standard,Mulyorejo,144.0,182.0,4.0,3.0,2.0,2100000000.0,Belum,Selatan,Standard,1-2 Mobil
Premium,Sawahan,163.0,180.0,5.0,4.0,2.0,2100000000.0,Belum,Selatan,Standard,1-2 Mobil
Below Standard,Tegalsari,150.0,150.0,2.0,1.0,1.0,2300000000.0,Belum,,Standard,< 1 Mobil
Standard,Mulyorejo,140.0,140.0,3.0,2.0,2.0,2400000000.0,Belum,Utara,Standard,1-2 Mobil
Premium,Gubeng,96.0,228.0,4.0,2.0,2.0,2699999999.0,Belum,,Standard,1-2 Mobil
Standard,Gubeng,204.0,250.0,3.0,4.0,2.0,2750000000.0,Belum,,Standard,> 2 Mobil
Premium,Mulyorejo,144.0,180.0,5.0,4.0,2.0,2900000000.0,Belum,Selatan,Standard,1-2 Mobil
Standard,Gubeng,200.0,180.0,4.0,3.0,1.0,3200000000.0,Belum,Utara,Standard,1-2 Mobil
Standard,Gubeng,180.0,320.0,6.0,4.0,2.0,3200000000.0,Belum,Selatan,Standard,> 2 Mobil
Standard,Tambaksari,180.0,160.0,4.0,4.0,2.0,3700000000.0,Belum,Selatan,Standard,1-2 Mobil
Standard,Mulyorejo,200.0,250.0,4.0,3.0,2.0,3900000000.0,Belum,Utara,Standard,1-2 Mobil
Standard,Tambaksari,420.0,570.0,5.0,4.0,2.0,4500000000.0,Belum,Timur,Standard,1-2 Mobil
Premium,Gubeng,204.0,270.0,5.0,4.0,2.0,4700000000.0,Belum,Timur,Tikungan/Hook,> 2 Mobil
Premium,Mulyorejo,200.0,211.0,4.0,5.0,2.0,4900000000.0,Belum,Selatan,Standard,> 2 Mobil
Premium,Gubeng,312.0,500.0,6.0,5.0,2.0,5500000000.0,Belum,,Standard,1-2 Mobil
Premium,Mulyorejo,264.0,400.0,4.0,3.0,2.0,5500000000.0,Belum,Selatan,Standard,1-2 Mobil
Premium,Mulyorejo,240.0,263.0,4.0,3.0,2.0,6000000000.0,Belum,,Standard,1-2 Mobil
Standard,Gubeng,297.0,290.0,8.0,3.0,2.0,7500000000.0,Belum,Utara,Tikungan/Hook,1-2 Mobil
Premium,Tegalsari,352.0,367.0,5.0,7.0,2.0,8250000000.0,Belum,Utara,Tikungan/Hook,> 2 Mobil
Sangat Premium,Mulyorejo,450.0,4 98,5.0,3.0,2.0,9500000000.0,Belum,Timur,Standard,1-2 Mobil
Sangat Premium,Mulyorejo,343.0,601.0,7.0,4.0,3.0,12000000000.0,Belum,Barat,Tikungan/Hook,1-2 Mobil
Standard,Gubeng,525.0,300.0,6.0,3.0,1.0,13500000000.0,Belum,,Standard,1-2 Mobil
Standard,Gubeng,522.0,1000.0,7.0,6.0,2.0,18000000000.0,Belum,,Standard,1-2 Mobil
Standard,Gubeng,600.0,600.0,7.0,5.0,1.0,99000000000.0,Belum,Barat,Standard,1-2 Mobil
Standard,Mulyorejo,180.0,240.0,5.0,5.0,2.0, ,Belum,Timur,Standard,> 2 Mobil
Below Standard,Kalilom Lor Timur,14.0,14.0,1.0,1.0,2.0,180000000.0,Belum,,Standard,< 1 Mobil
Below Standard,Jelidro Manukan,42.0,42.0,2.0,1.0,1.0,185000000.0,Belum,,Standard,< 1 Mobil
Below Standard,Kalilom,21.0,40.0,2.0,1.0,2.0,225000000.0,Belum,,Standard,1-2 Mobil
Below Standard,Bulak Cumpat barat,16.0,150.0,2.0,1.0,2.0,230000000.0,Belum,,Standard,1-2 Mobil
Standard,Tambak Wedi,18.0,36.0,2.0,1.0,2.0,250000000.0,Belum,,Standard,1-2 Mobil
Below Standard,Lebak Jaya,32.0,16.0,2.0,1.0,2.0,260000000.0,Belum,Utara,Standard,1-2 Mobil
Below Standard,Setro Baru Utara,26.0,50.0,2.0,2.0,2.0,310000000.0,Belum,,Standard,< 1 Mobil
Below Standard,Simo Gunung Kramat Timur,36.0,36.0,2.0,1.0,2.0,340000000.0,Belum,,Standard,< 1 Mobil
Below Standard,Medokan Ayu,50.0,50.0,2.0,1.0,1.0,375000000.0,Belum,,Standard,1-2 Mobil
Standard,Lebak Rejo,32.0,64.0,2.0,2.0,2.0,440000000.0,Belum,,Standard,1-2 Mobil
Standard,Medokan Sawah,51.0,70.0,2.0,2.0,2.0,477500000.0,Belum,,Standard,1-2 Mobil
Below Standard,Klampis Ngasem,36.0,36.0,2.0,2.0,2.0,550000000.0,Belum,,Standard,1-2 Mobil
Below Standard,Medokan Sawah,65.0,50.0,2.0,1.0,1.0,620000000.0,Belum,,Standard,> 2 Mobil
Standard,Medokan Sawah Timur,85.0,70.0,3.0,1.0,1.0,625000000.0,Belum,,Standard,1-2 Mobil
Premium,Citraland Golf Avenue,252.0,300.0,5.0,5.0,2.0,645000000.0,Belum,Utara,Tikungan/Hook,1-2 Mobil
Standard,Wisata Semanggi,72.0,50.0,2.0,1.0,1.0,650000000.0,Belum,Selatan,Standard,1-2 Mobil
Below Standard,Kedung Klinter,51.0,135.0,5.0,2.0,3.0,750000000.0,Belum,,Standard,
Standard,Gading Indah Regency,113.0,53.0,2.0,1.0,1.0,850000000.0,Belum,,Standard,1-2 Mobil
Standard,Gunung Anyar Mas,100.0,190.0,4.0,4.0,3.0,895000000.0,Belum,,Standard,> 2 Mobil
Standard,Kutisari Utara,50.0,100.0,6.0,6.0,2.0,925000000.0,Belum,,Standard,1-2 Mobil
Standard,Lebak Jaya,55.0,80.0,3.0,2.0,2.0,950000000.0,Belum,,Standard,1-2 Mobil
Standard,Mulyosari Tengah,72.0,72.0,2.0,1.0,1.0,975000000.0,Belum,Selatan,Standard,1-2 Mobil
Standard,Kapas Madya,84.0,140.0,4.0,2.0,2.0,1000000000.0,Belum,Timur,Standard,1-2 Mobil
Below Standard,Bratang Gede,130.0,130.0,3.0,2.0,1.0,1050000000.0,Belum,Selatan,Standard,1-2 Mobil
Standard,Citraland Utara,97.0,50.0,2.0,1.0,1.0,1149000000.0,Belum,Barat,Standard,> 2 Mobil
Standard,Lebak Jaya Utara,110.0,200.0,3.0,2.0,2.0,1350000000.0,Belum,Timur,Standard,1-2 Mobil
Standard,Mulyosari Timur,157.0,300.0,4.0,5.0,2.0,3450000000.0,Belum,Timur,Standard,1-2 Mobil
Premium,Pakuwon City,96.0,120.0,4.0,4.0,2.0,2800000000.0,Belum,Utara,Standard,1-2 Mobil
Standard,Pakuwon City,105.0,190.0,4.0,4.0,2.0,3199000000.0,Belum,Utara,Standard,1-2 Mobil
Standard,Pakuwon city,180.0,280.0,5.0,4.0,2.0,3950000000.0,Belum,Utara,Standard,1-2 Mobil
Premium,Pakuwon City,180.0,232.0,4.0,4.0,2.0,4500000000.0,Belum,Selatan,Standard,1-2 Mobil
Premium,Pakuwon City,240.0,300.0,5.0,5.0,2.0,4888888888.0,Belum,Timur,Tikungan/Hook,1-2 Mobil
Standard,Pakuwon City,240.0,320.0,5.0,5.0,2.0,8000000000.0,Belum,Selatan,Standard,1-2 Mobil
Premium,Pakuwon City,660.0,550.0,3.0,4.0,2.0,12999999999.0,Belum,,Standard,1-2 Mobil
Premium,Pakuwon City,450.0,620.0,6.0,6.0,2.0,15500000000.0,Belum,Selatan,Standard,1-2 Mobil
Sangat Premium,Pakuwon City,845.0,1200.0,7.0,8.0,2.0,39999990000.0,Belum,,,
Premium,Pakuwon City Florence,144.0,180.0,5.0,4.0,2.0,2900000000.0,Belum,Selatan,Standard,1-2 Mobil
Standard,Pantai Mentari,170.0,120.0,4.0,3.0,1.0,2400000000.0,Belum,Utara,Standard,> 2 Mobil
Premium,Royal Residence,178.0,165.0,4.0,4.0,2.0,2950000000.0,Belum,Selatan,Standard,> 2 Mobil
Premium,Royal Residence,166.0,225.0,6.0,4.0,2.0,3100000000.0,Belum,Selatan,Standard,1-2 Mobil
Standard,Villa Kalijudan Indah,120.0,130.0,3.0,2.0,2.0,1350000000.0,Belum,,Standard,1-2 Mobil
Premium,Sutorejo Timur,60.0,100.0,3.0,2.0,2.0,1350000000.0,Belum,Timur,Standard,1-2 Mobil
Premium,Springville Residence,57.0,101.0,3.0,1.0,2.0,1376000000.0,Belum,,Standard,> 2 Mobil
Standard,Sukomanunggal,275.0,260.0,3.0,2.0,1.0,3500000000.0,Belum,,Standard,1-2 Mobil
Premium,Surabaya Pusat,378.0,365.0,5.0,5.0,1.0,7500000000.0,Belum,Utara,Standard,
Premium,Su,158.0,220.0,4.0,3.0,2.0,2699000000.0,Belum,,Standard,1-2 Mobil
Below Standard,Tambak Wedi,16.0,16.0,1.0,1.0,1.0,160000000.0,Belum,Timur,Standard,< 1 Mobil
Standard,Mulyosari,72.0,96.0,3.0,2.0,2.0,1400000000.0,Belum,,Standard,1-2 Mobil
Standard,Krukah Selatan,102.0,208.0,6.0,4.0,2.0,1400000000.0,Belum,,Standard,1-2 Mobil
Standard,Mulyosari Utara,83.0,110.0,3.0,3.0,2.0,1400000000.0,Belum,Timur,Standard,> 2 Mobil
Standard,Pondok Benowo Indah,126.0,154.0,5.0,3.0,2.0,1450000000.0,Belum,,Standard,1-2 Mobil
Standard,Kenjeran Indah,180.0,324.0,7.0,3.0,2.0,1600000000.0,Belum,Selatan,Standard,> 2 Mobil
Standard,Tenggilis,60.0,100.0,3.0,2.0,2.0,975000000.0,Belum,,Standard,< 1 Mobil
Standard,Villa Kalijudan Indah,120.0,130.0,3.0,3.0,2.0,1350000000.0,Belum,,,
Premium,Wisma Mukti,212.0,152.0,5.0,3.0,2.0,2900000000.0,Belum,Timur,Tikungan/Hook,1-2 Mobil
Standard,wonokromo,72.0,36.0,2.0,1.0,1.0,315000000.0,Belum,,Standard,1-2 Mobil
Standard,Sakura Regency Ketintang,134.0,200.0,7.0,2.0,2.0,2000000000.0,Belum,Utara,Standard,> 2 Mobil
Below Standard,Putat Jaya,495.0,495.0,3.0,2.0,2.0,325000000.0,Belum,,Standard,< 1 Mobil
Standard,Manyar Tirtoasri,71.0,117.0,4.0,4.0,2.0,1600000000.0,Belum,Utara,Standard,1-2 Mobil
Premium,Babatan Pantai,88.0,123.0,3.0,3.0,2.0,1600000000.0,Belum,Utara,Standard,> 2 Mobil
Standard,Nirwana Ekseskutif,114.0,119.0,4.0,3.0,2.0,1650000000.0,Belum,,Standard,1-2 Mobil
Standard,Bendul Merisi,120.0,240.0,5.0,2.0,2.0,1700000000.0,Belum,Timur,Standard,1-2 Mobil
Standard,Mulyosari Utara,79.0,115.0,3.0,3.0,2.0,1800000000.0,Belum,Selatan,Tikungan/Hook,1-2 Mobil
Premium,Greenlake Wonorejo,144.0,190.0,4.0,3.0,2.0,1890000000.0,Belum,Utara,Standard,> 2 Mobil
Premium,Manyar Tirtoasri,93.0,107.0,3.0,3.0,2.0,1900000000.0,Belum,Barat,Standard,1-2 Mobil
Standard,Sutorejo Utara,157.0,362.0,7.0,3.0,2.0,1950000000.0,Belum,,Standard,1-2 Mobil
Premium,Rungkut Private Residential,84.0,139.0,3.0,2.0,2.0,1950000000.0,Belum,,Standard,> 2 Mobil
Premium,Sutorejo Timur,90.0,145.0,4.0,4.0,2.0,1990000000.0,Belum,Timur,Tikungan/Hook,1-2 Mobil
Standard,Sakura Regency Ketintang,134.0,200.0,7.0,2.0,2.0,2000000000.0,Belum,Utara,Standard,> 2 Mobil
Standard,Mulyosari,120.0,200.0,4.0,3.0,2.0,2100000000.0,Belum,Selatan,Standard,1-2 Mobil
Standard,Gayungsari,112.0,190.0,5.0,3.0,2.0,2200000000.0,Belum,Timur,Standard,1-2 Mobil
Standard,Wiyung,96.0,136.0,3.0,3.0,2.0,2250000000.0,Belum,Selatan,Standard,> 2 Mobil
Standard,Pantai Mentari ,170.0,120.0,4.0,3.0,1.0,2400000000.0,Belum,Utara,Standard,> 2 Mobil
Standard,Pakuwon City,140.0,200.0,4.0,3.0,2.0,2400000000.0,Belum,Utara,Standard,> 2 Mobil
Standard,Kenjeran,136.0,160.0,4.0,3.0,2.0,2500000000.0,Belum,Utara,Standard,> 2 Mobil
Standard,Wiyung,144.0,200.0,4.0,4.0,2.0,2500000000.0,Belum,Selatan,Standard,1-2 Mobil
Standard,Wiyung,96.0,135.0,3.0,3.0,2.0,2600000000.0,Belum,,,
Standard,Karang Asem,240.0,350.0,13.0,13.0,2.0,2750000000.0,Belum,Selatan,Standard,> 2 Mobil
Standard,Wiyung,162.0,200.0,3.0,3.0,2.0,3000000000.0,Belum,,Standard,1-2 Mobil
Premium,Manyar Tirtoasri,150.0,250.0,4.0,3.0,2.0,3100000000.0,Belum,,Standard,> 2 Mobil
Standard,Citraland,210.0,290.0,5.0,4.0,2.0,3100000000.0,Belum,Utara,Tikungan/Hook,1-2 Mobil
Standard,Pakuwon City,144.0,200.0,3.0,3.0,2.0,3250000000.0,Belum,Utara,Standard,> 2 Mobil
Standard,Pantai Mentari ,250.0,300.0,5.0,4.0,2.0,3450000000.0,Belum,Timur,Standard,> 2 Mobil
Standard,Wiyung,240.0,300.0,3.0,3.0,2.0,3500000000.0,Belum,,Standard,1-2 Mobil
Standard,Manyar Garden Regency,160.0,200.0,5.0,4.0,2.0,3500000000.0,Belum,Selatan,Standard,1-2 Mobil
Premium,Pantai Mentari,180.0,225.0,4.0,4.0,2.0,3500000000.0,Belum,Barat,Standard,1-2 Mobil
Standard,Pakuwon City,180.0,170.0,5.0,4.0,2.0,3500000000.0,Belum,Selatan,Standard,1-2 Mobil
Standard,Manyar ,362.0,250.0,4.0,4.0,2.0,3700000000.0,Belum,Timur,Standard,> 2 Mobil
Premium,Citraland,200.0,243.0,3.0,4.0,2.0,3900000000.0,Belum,Selatan,Standard,> 2 Mobil
Standard,Citraland ,279.0,450.0,5.0,5.0,2.0,3990000000.0,Belum,Timur,Standard,1-2 Mobil
Standard,Citraland,240.0,300.0,5.0,4.0,2.0,4000000000.0,Belum,Barat,Standard,1-2 Mobil
Premium,Manyar Kertoajo,225.0,350.0,4.0,3.0,3.0,4750000000.0,Belum,Utara,Standard,1-2 Mobil
Premium,Pakuwon City,240.0,300.0,5.0,5.0,2.0,4888888888.0,Belum,Timur,Tikungan/Hook,> 2 Mobil
Premium,Citraland,240.0,270.0,4.0,3.0,2.0,4950000000.0,Belum,Selatan,Standard,1-2 Mobil
Standard,Araya,254.0,265.0,4.0,3.0,2.0,5300000000.0,Belum,Selatan,Standard,1-2 Mobil
Premium,Pakuwon City,200.0,485.0,5.0,5.0,3.0,5500000000.0,Belum,Utara,Standard,1-2 Mobil
Premium,Graha Family,240.0,345.0,4.0,4.0,2.0,6000000000.0,Belum,Selatan,Standard,1-2 Mobil
Premium,Manyar ,395.0,365.0,3.0,5.0,2.0,7000000000.0,Belum,Utara,Tikungan/Hook,> 2 Mobil
Standard,Jimerto,425.0,850.0,6.0,4.0,2.0,8000000000.0,Belum,Utara,Standard,1-2 Mobil
Premium,Galaxy Bumi Permai,300.0,400.0,5.0,3.0,2.0,8999999999.0,Belum,Utara,Standard,> 2 Mobil
Sangat Premium,Kertajaya Indah Timur ,425.0,300.0,4.0,4.0,2.0,11000000000.0,Belum,Timur,Standard,> 2 Mobil
Sangat Premium,Graha Family,390.0,500.0,7.0,6.0,2.0,13500000000.0,Belum,Utara,Standard,> 2 Mobil
Premium,Graha Family,616.0,900.0,6.0,7.0,2.0,13800000000.0,Belum,Utara,Standard,1-2 Mobil
Sangat Premium,Kertajaya,1561.0,750.0,5.0,7.0,1.0,14000000000.0,Belum,,Standard,
Sangat Premium,Graha Family,600.0,700.0,5.0,5.0,2.0,16999999999.0,Belum,Selatan,Standard,1-2 Mobil
Premium,Graha Family,792.0,509.0,5.0,3.0,2.0,19999999000.0,Belum,Selatan,Standard,> 2 Mobil
Standard,Anjasmoro,573.0,400.0,5.0,5.0,1.0,20055000000.0,Belum,Utara,Kantong Belakang/Ngantong,1-2 Mobil
Premium,Graha Family,390.0,920.0,5.0,5.0,3.0,20500000000.0,Belum,Selatan,Standard,1-2 Mobil
Sangat Premium,Graha Famili,900.0,1100.0,6.0,5.0,2.0,58000000000.0,Belum,,Tikungan/Hook,> 2 Mobil
Sangat Premium,Citraland,364.0,450.0,6.0,5.0,2.0,9500000000.0,Belum,,,
Sangat Premium,Citraland,600.0,700.0,5.0,5.0,2.0,16500000000.0,Belum,Selatan,,
Standard,Jambangan Kebon Agung,84.0,70.0,2.0,1.0,1.0,8000000000.0,Belum,Utara,,1-2 Mobil
Premium,Wiyung,200.0,243.0,5.0,4.0,2.0,3900000000.0,Belum,Selatan,,> 2 Mobil
Premium,Ngagel,120.0,240.0,4.0,3.0,2.5,2500000000.0,Belum,Timur,,
Premium,Tandes,112.0,150.0,4.0,3.0,2.0,1900000000.0,Belum,Utara,,> 2 Mobil
Sangat Premium,Sutorejo,495.0,750.0,7.0,5.0,2.0,5500000000.0,Belum,Utara,,> 2 Mobil
Below Standard,Sawahan,360.0,120.0,4.0,2.0,,2400000000.0,Belum,,,
Premium,Citraland,264.0,360.0,5.0,6.0,2.0,5900000000.0,Belum,Timur,,
Sangat Premium,Wiyung,375.0,600.0,5.0,4.0,2.0,5690000000.0,Belum,,,
Standard,Citraland,60.0,90.0,3.0,2.0,2.0,1000000000.0,Belum,Selatan,,> 2 Mobil
Premium,Manyar,200.0,340.0,7.0,2.0,2.5,4100000000.0,Belum,Selatan,,> 2 Mobil
Standard,Semolowaru,83.0,164.0,4.0,4.0,1.0,1800000000.0,Belum,,,1-2 Mobil
Standard,Citraland,84.0,56.0,2.0,1.0,1.0,1200000000.0,Belum,Selatan,,1-2 Mobil
Standard,Rungkut,90.0,150.0,3.0,3.0,2.0,1500000000.0,Belum,Utara,Tikungan/Hook,1-2 Mobil
Standard,Kenjeran,120.0,90.0,4.0,2.0,1.0,1900000000.0,Belum,Selatan,,> 2 Mobil
Standard,Wiyung,250.0,300.0,5.0,3.0,2.0,2800000000.0,Belum,Selatan,,> 2 Mobil
Standard,Kutisari,84.0,120.0,3.0,,2.0,1500000000.0,Belum,,,
Standard,Lidah Kulon,67.0,68.0,2.0,2.0,2.0,849000000.0,Belum,,,
Below Standard,Rungkut,60.0,50.0,2.0,1.0,1.0,595000000.0,Belum,Selatan,,1-2 Mobil
Standard,Gununganyar,60.0,68.0,2.0,2.0,2.0,725000000.0,Belum,Utara,,1-2 Mobil
Premium,Pakuwon Indah,330.0,550.0,6.0,7.0,2.0,7900000000.0,Belum,Utara,,
Below Standard,Darmo Permai,184.0,132.0,4.0,1.0,1.0,1250000000.0,Belum,,,1-2 Mobil
Standard,Citraland,72.0,90.0,2.0,2.0,2.0,1700000000.0,Belum,,,
Sangat Premium,Citraland,240.0,400.0,6.0,7.0,2.0,5800000000.0,Belum,Selatan,,> 2 Mobil
Premium,Rungkut,340.0,250.0,8.0,4.0,2.0,3500000000.0,Belum,Selatan,,1-2 Mobil
Premium,Citraland,150.0,180.0,5.0,4.0,2.0,2400000000.0,Belum,Selatan,,
Premium,Citraland,200.0,200.0,5.0,4.0,3.0,3900000000.0,Belum,,,> 2 Mobil
Premium,Pakuwon Indah,312.0,312.0,4.0,4.0,2.0,4250000000.0,Belum,Selatan,,1-2 Mobil
Below Standard,Mulyorejo,300.0,400.0,4.0,3.0,2.0,3900000000.0,Belum,Utara,,1-2 Mobil
Premium,Wisata Bukit Mas,160.0,320.0,7.0,4.0,2.5,4000000000.0,Belum,Selatan,Tikungan/Hook,
Standard,Kebonsari,268.0,170.0,4.0,2.0,1.0,2000000000.0,Belum,Timur,,
Premium,Wiyung,120.0,250.0,5.0,5.0,3.0,1900000000.0,Belum,Utara,,
Standard,Sukolilo,106.0,150.0,5.0,4.0,2.0,2300000000.0,Belum,Timur,,> 2 Mobil
Premium,Citraland,280.0,425.0,5.0,5.0,2.0,4950000000.0,Belum,Timur,,
Standard,Kendangsari,420.0,570.0,5.0,4.0,1.0,4250000000.0,Belum,Timur,,
Below Standard,Ketintang,120.0,120.0,2.0,2.0,1.0,1900000000.0,Belum,,,
Below Standard,Tambaksari,140.0,130.0,3.0,2.0,1.0,1100000000.0,Belum,Barat,,
Standard,Tambaksari,120.0,90.0,4.0,3.0,1.0,725000000.0,Belum,,,
Premium,Wonocolo,754.0,530.0,7.0,5.0,2.0,14000000000.0,Belum,Selatan,,1-2 Mobil
Below Standard,Tambaksari,200.0,200.0,3.0,2.0,1.5,1600000000.0,Belum,,,
Standard,Sukolilo,240.0,180.0,3.0,3.0,1.0,3850000000.0,Belum,,,
Below Standard,Raya Margorejo,300.0,250.0,5.0,4.0,1.0,2600000000.0,Belum,Utara,,> 2 Mobil
Premium,Kenjeran,107.0,145.0,5.0,5.0,2.0,1900000000.0,Belum,Utara,,
Premium,Tegalsari,942.0,635.0,8.0,3.0,1.0,25000000000.0,Belum,Utara,Tikungan/Hook,> 2 Mobil
Standard,Citraland,105.0,84.0,2.0,1.0,1.0,1000000000.0,Belum,Barat,,
Premium,Sukolilo,135.0,225.0,5.0,4.0,2.0,4100000000.0,Belum,Timur,,> 2 Mobil
Premium,Citraland,135.0,140.0,4.0,3.0,2.0,2300000000.0,Belum,Selatan,,
Standard,Sukolilo,160.0,160.0,4.0,3.0,1.5,2100000000.0,Belum,,,1-2 Mobil
Premium,Rungkut,120.0,140.0,4.0,2.0,2.0,1600000000.0,Belum,Utara,,1-2 Mobil
Standard,Rungkut,135.0,135.0,4.0,3.0,2.0,1400000000.0,Belum,Utara,,1-2 Mobil
Standard,Petemon,70.0,70.0,2.0,1.0,1.0,500000000.0,Belum,Barat,,< 1 Mobil
Standard,Petemon,42.0,84.0,2.0,1.0,2.0,500000000.0,Belum,Utara,,1-2 Mobil
Premium,Wiyung,162.0,220.0,5.0,3.0,2.0,2788000000.0,Belum,Utara,Tikungan/Hook,> 2 Mobil
Standard,Petemon,50.0,80.0,3.0,1.0,2.0,400000000.0,Belum,Barat,,< 1 Mobil
Standard,Mulyorejo,120.0,200.0,5.0,4.0,2.0,2100000000.0,Belum,Selatan,,1-2 Mobil
Sangat Premium,Graha,360.0,500.0,5.0,5.0,2.0,10500000000.0,Belum,Selatan,,
Premium,Manyar,225.0,350.0,5.0,4.0,3.0,4750000000.0,Belum,Utara,Cul De Sac/Ujung Gang Buntu,
Standard,Gubeng,34.0,50.0,2.0,2.0,2.0,825000000.0,Belum,,Tusuk Sate,1-2 Mobil
Standard,Manyar,200.0,180.0,4.0,3.0,1.5,3299000000.0,Belum,Utara,,1-2 Mobil
Premium,Klampis Ngasem,96.0,190.0,6.0,4.0,3.0,2200000000.0,Belum,Timur,,1-2 Mobil
Standard,Mayjend Sungkono,480.0,300.0,4.0,3.0,2.0,19500000000.0,Belum,Utara,,> 2 Mobil
Standard,Medokan Ayu,100.0,50.0,2.0,1.0,2.0,775000000.0,Belum,,,1-2 Mobil
Standard,Medokan Ayu,60.0,100.0,2.0,2.0,2.0,600000000.0,Belum,Timur,,1-2 Mobil
Standard,Manyar,319.0,275.0,5.0,3.0,1.0,4900000000.0,Belum,Timur,,1-2 Mobil
Sangat Premium,Araya,330.0,750.0,8.0,8.0,4.0,6350000000.0,Belum,Utara,,1-2 Mobil
Standard,Manyar,850.0,450.0,4.0,3.0,2.0,8500000000.0,Belum,Utara,,> 2 Mobil
Standard,Manyar,240.0,300.0,4.0,3.0,2.0,4250000000.0,Belum,Utara,,> 2 Mobil
Below Standard,Raya Arjuno,864.0,600.0,6.0,3.0,1.0,28500000000.0,Belum,Timur,,> 2 Mobil
Standard,Rungkut,75.0,75.0,4.0,2.0,2.0,900000000.0,Belum,Selatan,,> 2 Mobil
Premium,Pakuwon City,343.0,601.0,7.0,4.0,3.0,12000000000.0,Belum,Barat,,> 2 Mobil
Standard,Pakuwon City,240.0,350.0,5.0,4.0,3.0,5750000000.0,Belum,Utara,,
Premium,Kertajaya,600.0,800.0,5.0,3.0,2.0,16000000000.0,Belum,Utara,,> 2 Mobil
Premium,Ketintang,312.0,500.0,4.0,3.0,2.0,3990000000.0,Belum,Utara,,> 2 Mobil
Premium,Citraland,479.0,600.0,8.0,7.0,2.0,8690000000.0,Belum,Timur,,> 2 Mobil
Premium,Darmo Permai,450.0,450.0,8.0,5.0,1.0,3980000000.0,Belum,Timur,,> 2 Mobil
Standard,Diponegoro,631.0,631.0,8.0,5.0,1.0,9400000000.0,Belum,Barat,,> 2 Mobil
Premium,Pakuwon City,450.0,600.0,5.0,5.0,2.0,7350000000.0,Belum,Utara,,> 2 Mobil
Premium,Kenjeran,349.0,450.0,4.0,4.0,2.0,3990000000.0,Belum,Utara,,> 2 Mobil
Standard,Dukuh Sutorejo,200.0,344.0,6.0,4.0,2.0,3000000000.0,Belum,Selatan,,1-2 Mobil
Standard,Lakarsantri,187.0,180.0,2.0,1.0,1.0,1210000000.0,Belum,,Tikungan/Hook,> 2 Mobil
Standard,Rungkut,100.0,100.0,2.0,1.0,1.0,560000000.0,Belum,Selatan,Standard,> 2 Mobil
Standard,Lontar,60.0,78.0,2.0,2.0,2.0,980000000.0,Belum,,Standard,> 2 Mobil
Below Standard,Petemon,208.0,150.0,3.0,2.0,1.0,1880000000.0,Belum,Utara,,1-2 Mobil
Premium,Citraland,150.0,240.0,5.0,5.0,2.0,3850000000.0,Belum,,,> 2 Mobil
Premium,Citraland,90.0,96.0,3.0,3.0,2.0,2000000000.0,Belum,Utara,,> 2 Mobil
Premium,Darmahusada,320.0,445.0,6.0,4.0,2.0,8500000000.0,Belum,,Standard,1-2 Mobil
Sangat Premium,Citraland,450.0,600.0,6.0,5.0,2.0,14500000000.0,Belum,Utara,Tusuk Sate,> 2 Mobil
Standard,Gayungan,250.0,250.0,4.0,2.0,1.0,4200000000.0,Belum,Barat,,> 2 Mobil
Standard,Manyar,395.0,400.0,7.0,5.0,2.0,4800000000.0,Belum,,Standard,> 2 Mobil
Premium,Gading,100.0,120.0,4.0,4.0,2.0,1800000000.0,Belum,Barat,,> 2 Mobil
Standard,Ciliwung,626.0,350.0,5.0,2.0,2.0,24000000000.0,Belum,Utara,,1-2 Mobil
Below Standard,Sukomanunggal,140.0,140.0,4.0,1.0,1.0,900000000.0,Belum,Selatan,Tikungan/Hook,1-2 Mobil
Below Standard,Bubutan,292.0,222.0,3.0,1.0,1.0,3600000000.0,Belum,Selatan,,> 2 Mobil
Standard,Darmo,500.0,432.0,5.0,4.0,2.0,20000000000.0,Belum,Utara,,> 2 Mobil
Premium,Jambangan,200.0,169.0,5.0,4.0,2.0,1850000000.0,Belum,Selatan,,1-2 Mobil
Below Standard,Ketintang,86.0,62.0,3.0,2.0,1.0,1500000000.0,Belum,Barat,,> 2 Mobil
Sangat Premium,Pakis,972.0,440.0,6.0,5.0,1.0,20000000000.0,Belum,Selatan,,> 2 Mobil
Standard,Kartini,942.0,635.0,8.0,3.0,1.0,25000000000.0,Belum,Utara,Tikungan/Hook,> 2 Mobil
Below Standard,Kemayoran,160.0,180.0,3.0,2.0,2.0,1250000000.0,Belum,Selatan,,1-2 Mobil
Below Standard,Tegalsari,420.0,300.0,4.0,2.0,1.0,10500000000.0,Belum,Timur,Standard,> 2 Mobil
Premium,Karah,144.0,220.0,5.0,3.0,2.0,2600000000.0,Belum,,Standard,1-2 Mobil
Standard,Simokerto,66.0,180.0,4.0,3.0,3.0,2000000000.0,Belum,Selatan,,1-2 Mobil
Standard,Babatan,128.0,170.0,4.0,4.0,2.0,2800000000.0,Belum,Utara,,> 2 Mobil
Premium,Sutorejo,105.0,160.0,4.0,5.0,2.0,2100000000.0,Belum,Selatan,,1-2 Mobil
Premium,Citraland,105.0,89.0,3.0,2.0,2.0,1860000000.0,Belum,,Standard,> 2 Mobil
Premium,Citraland,210.0,325.0,6.0,5.0,2.0,4250000000.0,Belum,Selatan,Standard,> 2 Mobil
Premium,Citraland,180.0,295.0,5.0,4.0,2.0,3750000000.0,Belum,Utara,Standard,> 2 Mobil
Premium,Citraland,436.0,659.0,9.0,5.0,2.0,6500000000.0,Belum,Utara,Standard,> 2 Mobil
Standard,Darmo,190.0,260.0,4.0,4.0,2.0,3900000000.0,Belum,Utara,Standard,
Standard,Baratajaya,127.0,120.0,5.0,3.0,2.5,1985000000.0,Belum,Selatan,Standard,> 2 Mobil
Premium,Citraland,120.0,95.0,3.0,2.0,1.0,1500000000.0,Belum,,Standard,> 2 Mobil
Standard,Wonokromo,280.0,222.0,3.0,1.0,1.0,3500000000.0,Belum,Timur,Standard,> 2 Mobil
Premium,Merr,67.0,100.0,3.0,3.0,2.0,1200000000.0,Belum,Timur,,> 2 Mobil
Premium,Mulyorejo,96.0,135.0,4.0,4.0,2.0,1850000000.0,Belum,Timur,Standard,> 2 Mobil
Premium,Rungkut,60.0,72.0,3.0,2.0,2.0,1080000000.0,Belum,Utara,Standard,1-2 Mobil
Premium,Gayungan,92.0,150.0,4.0,3.0,2.0,2200000000.0,Belum,Selatan,Tikungan/Hook,> 2 Mobil
Standard,Wonocolo,240.0,320.0,9.0,5.0,2.0,2500000000.0,Belum,Selatan,,1-2 Mobil
Sangat Premium,Citraland,240.0,425.0,6.0,6.0,2.5,6100000000.0,Belum,Utara,Standard,
Sangat Premium,Gubeng,1000.0,1000.0,5.0,5.0,3.0,35000000000.0,Belum,Timur,,> 2 Mobil
Premium,Gayungan,123.0,200.0,5.0,5.0,2.0,3100000000.0,Belum,Selatan,Standard,
Standard,Gununganyar,87.0,55.0,2.0,1.0,2.0,725000000.0,Belum,Utara,,1-2 Mobil
Sangat Premium,Darmo,580.0,1100.0,6.0,8.0,2.5,19000000000.0,Belum,Utara,Tikungan/Hook,
Premium,Prapen,165.0,242.0,4.0,3.0,2.0,3500000000.0,Belum,Utara,,1-2 Mobil
Standard,Citraland,180.0,130.0,4.0,3.0,1.0,2600000000.0,Belum,Selatan,Standard,
Standard,Citraland,55.0,56.0,2.0,2.0,2.0,1150000000.0,Belum,Timur,Standard,
Premium,Citraland,188.0,188.0,5.0,7.0,2.0,3300000000.0,Belum,,Standard,> 2 Mobil
Premium,Mulyorejo,210.0,400.0,4.0,4.0,2.5,3800000000.0,Belum,Utara,Tikungan/Hook,> 2 Mobil
Standard,Lakarsantri,77.0,42.0,2.0,1.0,1.0,550000000.0,Belum,Selatan,,1-2 Mobil
Premium,Gununganyar Tambak,112.0,150.0,3.0,3.0,2.0,2450000000.0,Belum,Selatan,,1-2 Mobil
Premium,Klampis Ngasem,132.0,180.0,5.0,4.0,2.0,2400000000.0,Belum,Utara,,> 2 Mobil
Premium,Citraland,210.0,325.0,6.0,5.0,2.0,4250000000.0,Belum,Selatan,,> 2 Mobil
Premium,Gayungan,352.0,300.0,5.0,3.0,1.0,4200000000.0,Belum,Barat,Standard,> 2 Mobil
Standard,Wonocolo,300.0,280.0,6.0,5.0,2.0,3800000000.0,Belum,Utara,,
Premium,Gayungan,320.0,283.0,4.0,5.0,2.0,6400000000.0,Belum,Utara,,> 2 Mobil
Premium,Citraland,240.0,274.0,5.0,4.0,2.0,4700000000.0,Belum,Selatan,Standard,> 2 Mobil
Standard,Rungkut,84.0,120.0,4.0,4.0,2.0,1600000000.0,Belum,Utara,Standard,> 2 Mobil
Premium,Jambangan,594.0,1100.0,6.0,6.0,3.0,12500000000.0,Belum,Timur,,> 2 Mobil
Premium,Mulyorejo,82.0,110.0,3.0,3.0,2.0,1400000000.0,Belum,Timur,,> 2 Mobil
Premium,Manyar,150.0,250.0,5.0,4.0,2.0,3100000000.0,Belum,Selatan,Standard,> 2 Mobil
Sangat Premium,Citraland,450.0,650.0,8.0,5.0,2.0,13900000000.0,Belum,Utara,Cul De Sac/Ujung Gang Buntu,> 2 Mobil
Standard,Semolowaru,136.0,200.0,5.0,2.0,2.0,3000000000.0,Belum,Selatan,Tikungan/Hook,> 2 Mobil
Premium,Pakal,120.0,150.0,5.0,4.0,2.0,1690000000.0,Belum,Selatan,,> 2 Mobil
Standard,Asemrowo,225.0,140.0,4.0,4.0,1.0,2500000000.0,Belum,Selatan,,> 2 Mobil
Standard,Tenggilis Mejoyo,42.0,85.0,3.0,2.0,2.0,850000000.0,Belum,Utara,,1-2 Mobil
Sangat Premium,Gayungan,300.0,500.0,5.0,3.0,2.0,7511111111.0,Belum,Selatan,,> 2 Mobil
Sangat Premium,Wiyung,678.0,528.0,7.0,8.0,2.0,11500000000.0,Belum,Timur,,> 2 Mobil
Standard,Jambangan,96.0,120.0,3.0,2.0,2.0,1700000000.0,Belum,,Standard,> 2 Mobil
Sangat Premium,Dukuh Pakis,450.0,650.0,7.0,5.0,3.0,15000000000.0,Belum,Utara,Standard,> 2 Mobil
Below Standard,Tegalsari,91.0,90.0,2.0,2.0,1.0,700000000.0,Belum,Selatan,,< 1 Mobil
Premium,Citraland,180.0,150.0,3.0,2.0,2.0,2300000000.0,Belum,Barat,,> 2 Mobil
Standard,Sawahan,216.0,246.0,4.0,2.0,2.0,1850000000.0,Belum,Utara,,1-2 Mobil
Standard,Gununganyar,47.0,34.0,2.0,1.0,1.0,450000000.0,Belum,Utara,,> 2 Mobil
Sangat Premium,Sukolilo,300.0,212.0,4.0,4.0,1.0,5250000000.0,Belum,Selatan,,
Premium,Mulyorejo,102.0,156.0,4.0,2.0,2.0,1950000000.0,Belum,Selatan,Standard,1-2 Mobil
Standard,Sukolilo,98.0,170.0,4.0,3.0,2.0,1550000000.0,Belum,,Standard,> 2 Mobil
Below Standard,Teuku Umar,193.0,300.0,5.0,2.0,2.0,5000000000.0,Belum,,Standard,> 2 Mobil
